id;name;username;username_verified;private_email;private_verified;language;license;active;password;created;updated
1;spur;between idolized;N;well-worn atop;N;ES;wrist yearningly expert;Y;yahoo haggle supposing;2023-12-18T02:25:50;2023-12-17T23:05:45
2;amongst;astride how;Y;colorfully;Y;ES;stupendous;N;dependable;2023-12-17T19:21:17;2023-12-18T09:24:35
3;underneath truthfully;restfully land;Y;emotional oh so;N;EN;aside trench as;N;when curiously;2023-12-18T08:39:52;2023-12-18T01:14:09
4;glistening to;dimly zowie excluding;N;amid yum where;N;FR;seed upwardly ouch;N;even up star;2023-12-17T13:26:16;2023-12-17T18:34:30
5;yippee mink pilfer;yahoo filch pervert;Y;petal icky particular;N;FR;ugh many rotten;N;for clever degenerate;2023-12-18T04:25:26;2023-12-17T22:50:36
6;portfolio swiftly phooey;bruise temporise;N;aha amid;N;EN;plus;Y;inquisitively transact;2023-12-17T19:35:59;2023-12-17T17:54:22
7;warmly eek bleak;underneath;N;inasmuch;Y;ES;instead;Y;yahoo sweaty;2023-12-18T05:12:51;2023-12-18T10:39:42
8;rapidly;um who accommodation;Y;alongside;N;FR;instruct fame;N;ha;2023-12-17T21:37:45;2023-12-18T04:23:02
9;save;versus since crouch;Y;rouge wilted;Y;EN;uh-huh;Y;upbeat;2023-12-18T11:45:28;2023-12-18T01:19:16
10;scrounge unrealistic;busily prophesy queasily;Y;at coincide;Y;FR;potentially geez notwithstanding;Y;majestic;2023-12-18T01:12:45;2023-12-17T13:57:33
